id,category,score_name,score,notes,human_explanation,use_pop,use_emp,use_k12,use_tech,use_univ,use_doctor,use_dentist,use_hospital,use_pharmacy,use_retail,use_grocery,use_social_svcs,use_parks,use_trails,use_comm_ctrs,use_transit
1,People,Median score of access to population,0.0280,"Score of population accessible by low stress to population accessible overall, expressed as the median of all census blocks in the neighborhood","Half of all census blocks in the neighborhood have a ratio of low stress to high stress access above this number, half have a lower ratio.",,,,,,,,,,,,,,,,
2,People,70th percentile score of access to population,0.0587,"Score of population accessible by low stress to population accessible overall, expressed as the 70th percentile of all census blocks in the neighborhood","30% of all census blocks in the neighborhood have a ratio of low stress to high stress access above this number, 70% have a lower ratio.",,,,,,,,,,,,,,,,
3,People,30th percentile score of access to population,0.0097,"Score of population accessible by low stress to population accessible overall, expressed as the 30th percentile of all census blocks in the neighborhood","70% of all census blocks in the neighborhood have a ratio of low stress to high stress access above this number, 30% have a lower ratio.",,,,,,,,,,,,,,,,
4,People,Average score of access to population,0.0502,"Score of population accessible by low stress to population accessible overall, expressed as the average of all census blocks in the neighborhood","On average, census blocks in the neighborhood have this ratio of low stress to high stress access.",,,,,,,,,,,,,,,,
5,People,Average score of access to population,0.2736,Average population score for census blocks weighted by population.,"On average, census blocks in the neighborhood received this population score.",t,,,,,,,,,,,,,,,
6,Opportunity,Median score of access to employment,0.0075,"Score of employment accessible by low stress to employment accessible overall, expressed as the median of all census blocks in the neighborhood","Half of all census blocks in the neighborhood have a ratio of low stress to high stress access above this number, half have a lower ratio.",,,,,,,,,,,,,,,,
7,Opportunity,70th percentile score of access to employment,0.0324,"Score of employment accessible by low stress to employment accessible overall, expressed as the 70th percentile of all census blocks in the neighborhood","30% of all census blocks in the neighborhood have a ratio of low stress to high stress access above this number, 70% have a lower ratio.",,,,,,,,,,,,,,,,
8,Opportunity,30th percentile score of access to employment,0.0017,"Score of employment accessible by low stress to employment accessible overall, expressed as the 30th percentile of all census blocks in the neighborhood","70% of all census blocks in the neighborhood have a ratio of low stress to high stress access above this number, 30% have a lower ratio.",,,,,,,,,,,,,,,,
9,Opportunity,Average score of access to employment,0.0583,"Score of employment accessible by low stress to employment accessible overall, expressed as the average of all census blocks in the neighborhood","On average, census blocks in the neighborhood have this ratio of low stress to high stress access.",,,,,,,,,,,,,,,,
10,Opportunity,Average score of access to jobs,0.1965,Average employment score for census blocks weighted by population.,"On average, census blocks in the neighborhood received this employment score.",,t,,,,,,,,,,,,,,
11,Opportunity,Average score of low stress access to schools,0.0000,Number of schools accessible by low stress expressed as an average of all census blocks in the neighborhood,"On average, census blocks in the neighborhood have low stress access to this many schools.",,,,,,,,,,,,,,,,
12,Opportunity,Median score of school access,0.0000,Score of schools accessible by low stress compared to schools accessible by high stress expressed as the median of all census blocks in the neighborhood,"Half of census blocks in this neighborhood have low stress access to a higher ratio of schools within biking distance, half have access to a lower ratio.",,,,,,,,,,,,,,,,
13,Opportunity,70th percentile score of school access,0.0000,Score of schools accessible by low stress compared to schools accessible by high stress expressed as the 70th percentile of all census blocks in the neighborhood,"30% of census blocks in this neighborhood have low stress access to a higher ratio of schools within biking distance, 70% have access to a lower ratio.",,,,,,,,,,,,,,,,
14,Opportunity,30th percentile score of school access,0.0000,Score of schools accessible by low stress compared to schools accessible by high stress expressed as the 30th percentile of all census blocks in the neighborhood,"70% of census blocks in this neighborhood have low stress access to a higher ratio of schools within biking distance, 30% have access to a lower ratio.",,,,,,,,,,,,,,,,
15,Opportunity,Average score of access to K12 schools,0.1571,Average K12 schools score for census blocks weighted by population.,"On average, census blocks in the neighborhood received this K12 schools score.",,,t,,,,,,,,,,,,,
16,Opportunity,Average school bike shed access score,0.0773,Score of population with low stress access compared to total population within the bike shed distance of schools in the neighborhood expressed as an average of all schools in the neighborhood,"On average, schools in the neighborhood are connected by the low stress access to this percentage people within biking distance.",,,,,,,,,,,,,,,,
17,Opportunity,Median school population shed score,0.0510,Score of population with low stress access to schools in the neighborhood to total population within the bike shed of each school expressed as a median of all schools in the neighborhood,"Half of schools in the neighborhood have low stress connections to a higher percentage of people within biking distance, half are connected to a lower percentage.",,,,,,,,,,,,,,,,
18,Opportunity,70th percentile school population shed score,0.1054,Score of population with low stress access to schools in the neighborhood to total population within the bike shed of each school expressed as the 70th percentile of all schools in the neighborhood,"30% of schools in the neighborhood have low stress connections to a higher percentage of people within biking distance, 70% are connected to a lower percentage.",,,,,,,,,,,,,,,,
19,Opportunity,30th percentile school population shed score,0.0324,Score of population with low stress access to schools in the neighborhood to total population within the bike shed of each school expressed as the 30th percentile of all schools in the neighborhood,"70% of schools in the neighborhood have low stress connections to a higher percentage of people within biking distance, 30% are connected to a lower percentage.",,,,,,,,,,,,,,,,
20,Opportunity,Average score of low stress access to tech/vocational colleges,0.0000,Number of tech/vocational colleges accessible by low stress expressed as an average of all census blocks in the neighborhood,"On average, census blocks in the neighborhood have low stress access to this many tech/vocational colleges.",,,,,,,,,,,,,,,,
21,Opportunity,Median score of tech/vocational college access,0.0000,Score of tech/vocational colleges accessible by low stress compared to tech/vocational colleges accessible by high stress expressed as the median of all census blocks in the neighborhood,"Half of census blocks in this neighborhood have low stress access to a higher ratio of tech/vocational colleges within biking distance, half have access to a lower ratio.",,,,,,,,,,,,,,,,
22,Opportunity,70th percentile score of tech/vocational college access,0.0000,Score of tech/vocational colleges accessible by low stress compared to tech/vocational colleges accessible by high stress expressed as the 70th percentile of all census blocks in the neighborhood,"30% of census blocks in this neighborhood have low stress access to a higher ratio of tech/vocational colleges within biking distance, 70% have access to a lower ratio.",,,,,,,,,,,,,,,,
23,Opportunity,30th percentile score of tech/vocational college access,0.0000,Score of tech/vocational colleges accessible by low stress compared to tech/vocational colleges accessible by high stress expressed as the 30th percentile of all census blocks in the neighborhood,"70% of census blocks in this neighborhood have low stress access to a higher ratio of tech/vocational colleges within biking distance, 30% have access to a lower ratio.",,,,,,,,,,,,,,,,
24,Opportunity,Average score of access to tech/vocational colleges,0.2933,Average tech/vocational colleges score for census blocks weighted by population.,"On average, census blocks in the neighborhood received this tech/vocational colleges score.",,,,t,,,,,,,,,,,,
25,Opportunity,Average college bike shed access score,0.2508,Score of population with low stress access compared to total population within the bike shed distance of tech/vocational colleges in the neighborhood expressed as an average of all colleges in the neighborhood,"On average, colleges in the neighborhood are connected by the low stress access to this percentage people within biking distance.",,,,,,,,,,,,,,,,
26,Opportunity,Median tech/vocational college population shed score,0.2966,Score of population with low stress access to tech/vocational colleges in the neighborhood to total population within the bike shed of each college expressed as a median of all colleges in the neighborhood,"Half of tech/vocational colleges in the neighborhood have low stress connections to a higher percentage of people within biking distance, half are connected to a lower percentage. (if only one tech/vocational college exists this is the score for  that one location)",,,,,,,,,,,,,,,,
27,Opportunity,70th percentile tech/vocational college population shed score,0.2966,Score of population with low stress access to tech/vocational colleges in the neighborhood to total population within the bike shed of each college expressed as the 70th percentile of all colleges in the neighborhood,"30% of tech/vocational colleges in the neighborhood have low stress connections to a higher percentage of people within biking distance, 70% are connected to a lower percentage. (if only one tech/vocational college exists this is the score for  that one location)",,,,,,,,,,,,,,,,
28,Opportunity,30th percentile tech/vocational college population shed score,0.2496,Score of population with low stress access to tech/vocational colleges in the neighborhood to total population within the bike shed of each college expressed as the 30th percentile of all colleges in the neighborhood,"70% of tech/vocational colleges in the neighborhood have low stress connections to a higher percentage of people within biking distance, 30% are connected to a lower percentage. (if only one tech/vocational college exists this is the score for  that one location)",,,,,,,,,,,,,,,,
29,Opportunity,Average score of low stress access to universities,0.0000,Number of universities accessible by low stress expressed as an average of all census blocks in the neighborhood,"On average, census blocks in the neighborhood have low stress access to this many universities.",,,,,,,,,,,,,,,,
30,Opportunity,Median score of university access,0.0000,Score of universities accessible by low stress compared to universities accessible by high stress expressed as the median of all census blocks in the neighborhood,"Half of census blocks in this neighborhood have low stress access to a higher ratio of universities within biking distance, half have access to a lower ratio.",,,,,,,,,,,,,,,,
31,Opportunity,70th percentile score of university access,0.0000,Score of universities accessible by low stress compared to universities accessible by high stress expressed as the 70th percentile of all census blocks in the neighborhood,"30% of census blocks in this neighborhood have low stress access to a higher ratio of universities within biking distance, 70% have access to a lower ratio.",,,,,,,,,,,,,,,,
32,Opportunity,30th percentile score of university access,0.0000,Score of universities accessible by low stress compared to universities accessible by high stress expressed as the 30th percentile of all census blocks in the neighborhood,"70% of census blocks in this neighborhood have low stress access to a higher ratio of universities within biking distance, 30% have access to a lower ratio.",,,,,,,,,,,,,,,,
33,Opportunity,Average score of access to universities,0.4855,Average universities score for census blocks weighted by population.,"On average, census blocks in the neighborhood received this universities score.",,,,,t,,,,,,,,,,,
34,Opportunity,Average university bike shed access score,0.4814,Score of population with low stress access compared to total population within the bike shed distance of universities in the neighborhood expressed as an average of all universities in the neighborhood,"On average, universities in the neighborhood are connected by the low stress access to this percentage people within biking distance.",,,,,,,,,,,,,,,,
35,Opportunity,Median university population shed score,0.3038,Score of population with low stress access to universities in the neighborhood to total population within the bike shed of each university expressed as a median of all universities in the neighborhood,"Half of universities in the neighborhood have low stress connections to a higher percentage of people within biking distance, half are connected to a lower percentage. (if only one university exists this is the score for that one location)",,,,,,,,,,,,,,,,
36,Opportunity,70th percentile university population shed score,0.4045,Score of population with low stress access to universities in the neighborhood to total population within the bike shed of each university expressed as the 70th percentile of all universities in the neighborhood,"30% of universities in the neighborhood have low stress connections to a higher percentage of people within biking distance, 70% are connected to a lower percentage. (if only one university exists this is the score for that one location)",,,,,,,,,,,,,,,,
37,Opportunity,30th percentile university population shed score,0.2030,Score of population with low stress access to universities in the neighborhood to total population within the bike shed of each university expressed as the 30th percentile of all universities in the neighborhood,"70% of universities in the neighborhood have low stress connections to a higher percentage of people within biking distance, 30% are connected to a lower percentage. (if only one university exists this is the score for that one location)",,,,,,,,,,,,,,,,
38,Core Services,Average score of low stress access to doctors,0.0000,Number of doctors accessible by low stress expressed as an average of all census blocks in the neighborhood,"On average, census blocks in the neighborhood have low stress access to this many doctors.",,,,,,,,,,,,,,,,
39,Core Services,Median score of doctors access,0.0000,Score of doctors accessible by low stress compared to doctors accessible by high stress expressed as the median of all census blocks in the neighborhood,"Half of census blocks in this neighborhood have low stress access to a higher ratio of doctors within biking distance, half have access to a lower ratio.",,,,,,,,,,,,,,,,
40,Core Services,70th percentile score of doctors access,0.0000,Score of doctors accessible by low stress compared to doctors accessible by high stress expressed as the 70th percentile of all census blocks in the neighborhood,"30% of census blocks in this neighborhood have low stress access to a higher ratio of doctors within biking distance, 70% have access to a lower ratio.",,,,,,,,,,,,,,,,
41,Core Services,30th percentile score of doctors access,0.0000,Score of doctors accessible by low stress compared to doctors accessible by high stress expressed as the 30th percentile of all census blocks in the neighborhood,"70% of census blocks in this neighborhood have low stress access to a higher ratio of doctors within biking distance, 30% have access to a lower ratio.",,,,,,,,,,,,,,,,
42,Core Services,Average score of access to doctors,0.1426,Average doctors score for census blocks weighted by population.,"On average, census blocks in the neighborhood received this doctors score.",,,,,,t,,,,,,,,,,
43,Core Services,Average doctors bike shed access score,0.0917,Score of population with low stress access compared to total population within the bike shed distance of doctors in the neighborhood expressed as an average of all doctors in the neighborhood,"On average, doctors in the neighborhood are connected by the low stress access to this percentage people within biking distance.",,,,,,,,,,,,,,,,
44,Core Services,Median doctors population shed score,0.0668,Score of population with low stress access to doctors in the neighborhood to total population within the bike shed of each doctors office expressed as a median of all doctors in the neighborhood,"Half of doctors in the neighborhood have low stress connections to a higher percentage of people within biking distance, half are connected to a lower percentage. (if only one doctors office exists this is the score for that one location)",,,,,,,,,,,,,,,,
45,Core Services,70th percentile doctors population shed score,0.1127,Score of population with low stress access to doctors in the neighborhood to total population within the bike shed of each doctors office expressed as the 70th percentile of all doctors in the neighborhood,"30% of doctors in the neighborhood have low stress connections to a higher percentage of people within biking distance, 70% are connected to a lower percentage. (if only one doctors exists this is the score for that one location)",,,,,,,,,,,,,,,,
46,Core Services,30th percentile doctors population shed score,0.0367,Score of population with low stress access to doctors in the neighborhood to total population within the bike shed of each doctors office expressed as the 30th percentile of all doctors in the neighborhood,"70% of doctors in the neighborhood have low stress connections to a higher percentage of people within biking distance, 30% are connected to a lower percentage. (if only one doctors exists this is the score for that one location)",,,,,,,,,,,,,,,,
47,Core Services,Average score of low stress access to dentists,0.0000,Number of dentists accessible by low stress expressed as an average of all census blocks in the neighborhood,"On average, census blocks in the neighborhood have low stress access to this many dentists.",,,,,,,,,,,,,,,,
48,Core Services,Median score of dentists access,0.0000,Score of dentists accessible by low stress compared to dentists accessible by high stress expressed as the median of all census blocks in the neighborhood,"Half of census blocks in this neighborhood have low stress access to a higher ratio of dentists within biking distance, half have access to a lower ratio.",,,,,,,,,,,,,,,,
49,Core Services,70th percentile score of dentists access,0.0000,Score of dentists accessible by low stress compared to dentists accessible by high stress expressed as the 70th percentile of all census blocks in the neighborhood,"30% of census blocks in this neighborhood have low stress access to a higher ratio of dentists within biking distance, 70% have access to a lower ratio.",,,,,,,,,,,,,,,,
50,Core Services,30th percentile score of dentists access,0.0000,Score of dentists accessible by low stress compared to dentists accessible by high stress expressed as the 30th percentile of all census blocks in the neighborhood,"70% of census blocks in this neighborhood have low stress access to a higher ratio of dentists within biking distance, 30% have access to a lower ratio.",,,,,,,,,,,,,,,,
51,Core Services,Average score of access to dentists,0.2423,Average dentists score for census blocks weighted by population.,"On average, census blocks in the neighborhood received this dentists score.",,,,,,,t,,,,,,,,,
52,Core Services,Average dentists bike shed access score,0.2330,Score of population with low stress access compared to total population within the bike shed distance of dentists in the neighborhood expressed as an average of all dentists in the neighborhood,"On average, dentists in the neighborhood are connected by the low stress access to this percentage people within biking distance.",,,,,,,,,,,,,,,,
53,Core Services,Median dentists population shed score,0.2966,Score of population with low stress access to dentists in the neighborhood to total population within the bike shed of each dentists office expressed as a median of all dentists in the neighborhood,"Half of dentists in the neighborhood have low stress connections to a higher percentage of people within biking distance, half are connected to a lower percentage. (if only one dentists office exists this is the score for that one location)",,,,,,,,,,,,,,,,
54,Core Services,70th percentile dentists population shed score,0.3392,Score of population with low stress access to dentists in the neighborhood to total population within the bike shed of each dentists office expressed as the 70th percentile of all dentists in the neighborhood,"30% of dentists in the neighborhood have low stress connections to a higher percentage of people within biking distance, 70% are connected to a lower percentage. (if only one dentists office exists this is the score for that one location)",,,,,,,,,,,,,,,,
55,Core Services,30th percentile dentists population shed score,0.2071,Score of population with low stress access to dentists in the neighborhood to total population within the bike shed of each dentists office expressed as the 30th percentile of all dentists in the neighborhood,"70% of dentists in the neighborhood have low stress connections to a higher percentage of people within biking distance, 30% are connected to a lower percentage. (if only one dentists office exists this is the score for that one location)",,,,,,,,,,,,,,,,
56,Core Services,Average score of low stress access to hospitals,0.0000,Number of hospitals accessible by low stress expressed as an average of all census blocks in the neighborhood,"On average, census blocks in the neighborhood have low stress access to this many hospitals.",,,,,,,,,,,,,,,,
57,Core Services,Median score of hospitals access,0.0000,Score of hospitals accessible by low stress compared to hospitals accessible by high stress expressed as the median of all census blocks in the neighborhood,"Half of census blocks in this neighborhood have low stress access to a higher ratio of hospitals within biking distance, half have access to a lower ratio.",,,,,,,,,,,,,,,,
58,Core Services,70th percentile score of hospitals access,0.0000,Score of hospitals accessible by low stress compared to hospitals accessible by high stress expressed as the 70th percentile of all census blocks in the neighborhood,"30% of census blocks in this neighborhood have low stress access to a higher ratio of hospitals within biking distance, 70% have access to a lower ratio.",,,,,,,,,,,,,,,,
59,Core Services,30th percentile score of hospitals access,0.0000,Score of hospitals accessible by low stress compared to hospitals accessible by high stress expressed as the 30th percentile of all census blocks in the neighborhood,"70% of census blocks in this neighborhood have low stress access to a higher ratio of hospitals within biking distance, 30% have access to a lower ratio.",,,,,,,,,,,,,,,,
60,Core Services,Average score of access to hospitals,0.2110,Average hospital score for census blocks weighted by population.,"On average, census blocks in the neighborhood received this hospital score.",,,,,,,,t,,,,,,,,
61,Core Services,Average hospitals bike shed access score,0.2347,Score of population with low stress access compared to total population within the bike shed distance of hospitals in the neighborhood expressed as an average of all hospitals in the neighborhood,"On average, hospitals in the neighborhood are connected by the low stress access to this percentage people within biking distance.",,,,,,,,,,,,,,,,
62,Core Services,Median hospitals population shed score,0.1940,Score of population with low stress access to hospitals in the neighborhood to total population within the bike shed of each hospital expressed as a median of all hospitals in the neighborhood,"Half of hospitals in the neighborhood have low stress connections to a higher percentage of people within biking distance, half are connected to a lower percentage. (if only one hospital exists this is the score for that one location)",,,,,,,,,,,,,,,,
63,Core Services,70th percentile hospitals population shed score,0.2987,Score of population with low stress access to hospitals in the neighborhood to total population within the bike shed of each hospital expressed as the 70th percentile of all hospitals in the neighborhood,"30% of hospitals in the neighborhood have low stress connections to a higher percentage of people within biking distance, 70% are connected to a lower percentage. (if only one hospital exists this is the score for that one location)",,,,,,,,,,,,,,,,
64,Core Services,30th percentile hospitals population shed score,0.1049,Score of population with low stress access to hospitals in the neighborhood to total population within the bike shed of each hospital expressed as the 30th percentile of all hospitals in the neighborhood,"70% of hospitals in the neighborhood have low stress connections to a higher percentage of people within biking distance, 30% are connected to a lower percentage. (if only one hospital exists this is the score for that one location)",,,,,,,,,,,,,,,,
65,Core Services,Average score of low stress access to pharmacies,0.0000,Number of pharmacies accessible by low stress expressed as an average of all census blocks in the neighborhood,"On average, census blocks in the neighborhood have low stress access to this many pharmacies.",,,,,,,,,,,,,,,,
66,Core Services,Median score of pharmacies access,0.0000,Score of pharmacies accessible by low stress compared to pharmacies accessible by high stress expressed as the median of all census blocks in the neighborhood,"Half of census blocks in this neighborhood have low stress access to a higher ratio of pharmacies within biking distance, half have access to a lower ratio.",,,,,,,,,,,,,,,,
67,Core Services,70th percentile score of pharmacies access,0.0000,Score of pharmacies accessible by low stress compared to pharmacies accessible by high stress expressed as the 70th percentile of all census blocks in the neighborhood,"30% of census blocks in this neighborhood have low stress access to a higher ratio of pharmacies within biking distance, 70% have access to a lower ratio.",,,,,,,,,,,,,,,,
68,Core Services,30th percentile score of pharmacies access,0.0000,Score of pharmacies accessible by low stress compared to pharmacies accessible by high stress expressed as the 30th percentile of all census blocks in the neighborhood,"70% of census blocks in this neighborhood have low stress access to a higher ratio of pharmacies within biking distance, 30% have access to a lower ratio.",,,,,,,,,,,,,,,,
69,Core Services,Average score of access to pharmacies,0.1082,Average pharmacies score for census blocks weighted by population.,"On average, census blocks in the neighborhood received this pharmacies score.",,,,,,,,,t,,,,,,,
70,Core Services,Average pharmacies bike shed access score,0.0680,Score of population with low stress access compared to total population within the bike shed distance of pharmacies in the neighborhood expressed as an average of all pharmacies in the neighborhood,"On average, pharmacies in the neighborhood are connected by the low stress access to this percentage people within biking distance.",,,,,,,,,,,,,,,,
71,Core Services,Median pharmacies population shed score,0.0374,Score of population with low stress access to pharmacies in the neighborhood to total population within the bike shed of each pharmacy expressed as a median of all pharmacies in the neighborhood,"Half of pharmacies in the neighborhood have low stress connections to a higher percentage of people within biking distance, half are connected to a lower percentage. (if only one pharmacy exists this is the score for that one location)",,,,,,,,,,,,,,,,
72,Core Services,70th percentile pharmacies population shed score,0.0714,Score of population with low stress access to pharmacies in the neighborhood to total population within the bike shed of each pharmacy expressed as the 70th percentile of all pharmacies in the neighborhood,"30% of pharmacies in the neighborhood have low stress connections to a higher percentage of people within biking distance, 70% are connected to a lower percentage. (if only one pharmacy exists this is the score for that one location)",,,,,,,,,,,,,,,,
73,Core Services,30th percentile pharmacies population shed score,0.0306,Score of population with low stress access to pharmacies in the neighborhood to total population within the bike shed of each pharmacy expressed as the 30th percentile of all pharmacies in the neighborhood,"70% of pharmacies in the neighborhood have low stress connections to a higher percentage of people within biking distance, 30% are connected to a lower percentage. (if only one pharmacy exists this is the score for that one location)",,,,,,,,,,,,,,,,
74,Retail,Average score of low stress access to retail,0.0000,Number of retail accessible by low stress expressed as an average of all census blocks in the neighborhood,"On average, census blocks in the neighborhood have low stress access to this many retail.",,,,,,,,,,,,,,,,
75,Retail,Median score of retail access,0.0000,Score of retail accessible by low stress compared to retail accessible by high stress expressed as the median of all census blocks in the neighborhood,"Half of census blocks in this neighborhood have low stress access to a higher ratio of retail within biking distance, half have access to a lower ratio.",,,,,,,,,,,,,,,,
76,Retail,70th percentile score of retail access,0.0541,Score of retail accessible by low stress compared to retail accessible by high stress expressed as the 70th percentile of all census blocks in the neighborhood,"30% of census blocks in this neighborhood have low stress access to a higher ratio of retail within biking distance, 70% have access to a lower ratio.",,,,,,,,,,,,,,,,
77,Retail,30th percentile score of retail access,0.0000,Score of retail accessible by low stress compared to retail accessible by high stress expressed as the 30th percentile of all census blocks in the neighborhood,"70% of census blocks in this neighborhood have low stress access to a higher ratio of retail within biking distance, 30% have access to a lower ratio.",,,,,,,,,,,,,,,,
78,Retail,Average score of access to retail,0.4047,Average retail score for census blocks weighted by population.,"On average, census blocks in the neighborhood received this retail score.",,,,,,,,,,t,,,,,,
79,Retail,Average retail bike shed access score,0.0901,Score of population with low stress access compared to total population within the bike shed distance of retail clusters in the neighborhood expressed as an average of all retail clusters in the neighborhood,"On average, retail clusters in the neighborhood are connected by the low stress access to this percentage people within biking distance.",,,,,,,,,,,,,,,,
80,Retail,Median retail population shed score,0.0654,Score of population with low stress access to retail in the neighborhood to total population within the bike shed of each retail cluster expressed as a median of all retail clusters in the neighborhood,"Half of retail clusters in the neighborhood have low stress connections to a higher percentage of people within biking distance, half are connected to a lower percentage. (if only one retail exists this is the score for that one location)",,,,,,,,,,,,,,,,
81,Retail,70th percentile retail population shed score,0.1265,Score of population with low stress access to retail in the neighborhood to total population within the bike shed of each retail cluster expressed as the 70th percentile of all retail clusters in the neighborhood,"30% of retail clusters in the neighborhood have low stress connections to a higher percentage of people within biking distance, 70% are connected to a lower percentage. (if only one retail exists this is the score for that one location)",,,,,,,,,,,,,,,,
82,Retail,30th percentile retail population shed score,0.0271,Score of population with low stress access to retail in the neighborhood to total population within the bike shed of each retail cluster expressed as the 30th percentile of all retail clusters in the neighborhood,"70% of retail clusters in the neighborhood have low stress connections to a higher percentage of people within biking distance, 30% are connected to a lower percentage. (if only one retail exists this is the score for that one location)",,,,,,,,,,,,,,,,
83,Core Services,Average score of low stress access to supermarkets,0.0000,Number of supermarkets accessible by low stress expressed as an average of all census blocks in the neighborhood,"On average, census blocks in the neighborhood have low stress access to this many supermarkets.",,,,,,,,,,,,,,,,
84,Core Services,Median score of supermarkets access,0.0000,Score of supermarkets accessible by low stress compared to supermarkets accessible by high stress expressed as the median of all census blocks in the neighborhood,"Half of census blocks in this neighborhood have low stress access to a higher ratio of supermarkets within biking distance, half have access to a lower ratio.",,,,,,,,,,,,,,,,
85,Core Services,70th percentile score of supermarkets access,0.0000,Score of supermarkets accessible by low stress compared to supermarkets accessible by high stress expressed as the 70th percentile of all census blocks in the neighborhood,"30% of census blocks in this neighborhood have low stress access to a higher ratio of supermarkets within biking distance, 70% have access to a lower ratio.",,,,,,,,,,,,,,,,
86,Core Services,30th percentile score of supermarkets access,0.0000,Score of supermarkets accessible by low stress compared to supermarkets accessible by high stress expressed as the 30th percentile of all census blocks in the neighborhood,"70% of census blocks in this neighborhood have low stress access to a higher ratio of supermarkets within biking distance, 30% have access to a lower ratio.",,,,,,,,,,,,,,,,
87,Core Services,Average score of access to grocery stores,0.2246,Average grocery score for census blocks weighted by population.,"On average, census blocks in the neighborhood received this grocery score.",,,,,,,,,,,t,,,,,
88,Core Services,Average supermarkets bike shed access score,0.1039,Score of population with low stress access compared to total population within the bike shed distance of supermarkets in the neighborhood expressed as an average of all supermarkets in the neighborhood,"On average, supermarkets in the neighborhood are connected by the low stress access to this percentage people within biking distance.",,,,,,,,,,,,,,,,
89,Core Services,Median supermarkets population shed score,0.1104,Score of population with low stress access to supermarkets in the neighborhood to total population within the bike shed of each supermarket expressed as a median of all supermarkets in the neighborhood,"Half of supermarkets in the neighborhood have low stress connections to a higher percentage of people within biking distance, half are connected to a lower percentage. (if only one supermarkets exists this is the score for that one location)",,,,,,,,,,,,,,,,
90,Core Services,70th percentile supermarkets population shed score,0.1333,Score of population with low stress access to supermarkets in the neighborhood to total population within the bike shed of each supermarket expressed as the 70th percentile of all supermarkets in the neighborhood,"30% of supermarkets in the neighborhood have low stress connections to a higher percentage of people within biking distance, 70% are connected to a lower percentage. (if only one supermarkets exists this is the score for that one location)",,,,,,,,,,,,,,,,
91,Core Services,30th percentile supermarkets population shed score,0.0658,Score of population with low stress access to supermarkets in the neighborhood to total population within the bike shed of each supermarket expressed as the 30th percentile of all supermarkets in the neighborhood,"70% of supermarkets in the neighborhood have low stress connections to a higher percentage of people within biking distance, 30% are connected to a lower percentage. (if only one supermarkets exists this is the score for that one location)",,,,,,,,,,,,,,,,
92,Core Services,Average score of low stress access to social services,0.0000,Number of social services accessible by low stress expressed as an average of all census blocks in the neighborhood,"On average, census blocks in the neighborhood have low stress access to this many social services.",,,,,,,,,,,,,,,,
93,Core Services,Median score of social services access,0.0000,Score of social services accessible by low stress compared to social services accessible by high stress expressed as the median of all census blocks in the neighborhood,"Half of census blocks in this neighborhood have low stress access to a higher ratio of social services within biking distance, half have access to a lower ratio.",,,,,,,,,,,,,,,,
94,Core Services,70th percentile score of social services access,0.0000,Score of social services accessible by low stress compared to social services accessible by high stress expressed as the 70th percentile of all census blocks in the neighborhood,"30% of census blocks in this neighborhood have low stress access to a higher ratio of social services within biking distance, 70% have access to a lower ratio.",,,,,,,,,,,,,,,,
95,Core Services,30th percentile score of social services access,0.0000,Score of social services accessible by low stress compared to social services accessible by high stress expressed as the 30th percentile of all census blocks in the neighborhood,"70% of census blocks in this neighborhood have low stress access to a higher ratio of social services within biking distance, 30% have access to a lower ratio.",,,,,,,,,,,,,,,,
96,Core Services,Average score of access to social services,0.0717,Average social services score for census blocks weighted by population.,"On average, census blocks in the neighborhood received this social services score.",,,,,,,,,,,,t,,,,
97,Core Services,Average social_services bike shed access score,0.0430,Score of population with low stress access compared to total population within the bike shed distance of social services in the neighborhood expressed as an average of all social services in the neighborhood,"On average, social_services in the neighborhood are connected by the low stress access to this percentage people within biking distance.",,,,,,,,,,,,,,,,
98,Core Services,Median social_services population shed score,0.0479,Score of population with low stress access to social services in the neighborhood to total population within the bike shed of each social service location expressed as a median of all social services in the neighborhood,"Half of social services in the neighborhood have low stress connections to a higher percentage of people within biking distance, half are connected to a lower percentage. (if only one social_services exists this is the score for that one location)",,,,,,,,,,,,,,,,
99,Core Services,70th percentile social_services population shed score,0.0882,Score of population with low stress access to social services in the neighborhood to total population within the bike shed of each social service location expressed as the 70th percentile of all social services in the neighborhood,"30% of social services in the neighborhood have low stress connections to a higher percentage of people within biking distance, 70% are connected to a lower percentage. (if only one social_services exists this is the score for that one location)",,,,,,,,,,,,,,,,
100,Core Services,30th percentile social_services population shed score,0.0143,Score of population with low stress access to social services in the neighborhood to total population within the bike shed of each social service location expressed as the 30th percentile of all social services in the neighborhood,"70% of social services in the neighborhood have low stress connections to a higher percentage of people within biking distance, 30% are connected to a lower percentage. (if only one social_services exists this is the score for that one location)",,,,,,,,,,,,,,,,
101,Recreation,Average score of low stress access to parks,0.0000,Number of parks accessible by low stress expressed as an average of all census blocks in the neighborhood,"On average, census blocks in the neighborhood have low stress access to this many parks.",,,,,,,,,,,,,,,,
102,Recreation,Median score of parks access,0.0000,Score of parks accessible by low stress compared to parks accessible by high stress expressed as the median of all census blocks in the neighborhood,"Half of census blocks in this neighborhood have low stress access to a higher ratio of parks within biking distance, half have access to a lower ratio.",,,,,,,,,,,,,,,,
103,Recreation,70th percentile score of parks access,0.0748,Score of parks accessible by low stress compared to parks accessible by high stress expressed as the 70th percentile of all census blocks in the neighborhood,"30% of census blocks in this neighborhood have low stress access to a higher ratio of parks within biking distance, 70% have access to a lower ratio.",,,,,,,,,,,,,,,,
104,Recreation,30th percentile score of parks access,0.0000,Score of parks accessible by low stress compared to parks accessible by high stress expressed as the 30th percentile of all census blocks in the neighborhood,"70% of census blocks in this neighborhood have low stress access to a higher ratio of parks within biking distance, 30% have access to a lower ratio.",,,,,,,,,,,,,,,,
105,Recreation,Average score of access to parks,0.3111,Average parks score for census blocks weighted by population.,"On average, census blocks in the neighborhood received this parks score.",,,,,,,,,,,,,t,,,
106,Recreation,Average parks bike shed access score,0.1326,Score of population with low stress access compared to total population within the bike shed distance of parks in the neighborhood expressed as an average of all parks in the neighborhood,"On average, parks in the neighborhood are connected by the low stress access to this percentage people within biking distance.",,,,,,,,,,,,,,,,
107,Recreation,Median parks population shed score,0.0995,Score of population with low stress access to parks in the neighborhood to total population within the bike shed of each parks expressed as a median of all parks in the neighborhood,"Half of parks in the neighborhood have low stress connections to a higher percentage of people within biking distance, half are connected to a lower percentage. (if only one parks exists this is the score for that one location)",,,,,,,,,,,,,,,,
108,Recreation,70th percentile parks population shed score,0.1632,Score of population with low stress access to parks in the neighborhood to total population within the bike shed of each parks expressed as the 70th percentile of all parks in the neighborhood,"30% of parks in the neighborhood have low stress connections to a higher percentage of people within biking distance, 70% are connected to a lower percentage. (if only one parks exists this is the score for that one location)",,,,,,,,,,,,,,,,
109,Recreation,30th percentile parks population shed score,0.0423,Score of population with low stress access to parks in the neighborhood to total population within the bike shed of each parks expressed as the 30th percentile of all parks in the neighborhood,"70% of parks in the neighborhood have low stress connections to a higher percentage of people within biking distance, 30% are connected to a lower percentage. (if only one parks exists this is the score for that one location)",,,,,,,,,,,,,,,,
110,Recreation,Average score of low stress access to trails,0.0000,Number of trails accessible by low stress expressed as an average of all census blocks in the neighborhood,"On average, census blocks in the neighborhood have low stress access to this many trails.",,,,,,,,,,,,,,,,
111,Recreation,Median score of trails access,0.0000,Score of trails accessible by low stress compared to trails accessible by high stress expressed as the median of all census blocks in the neighborhood,"Half of census blocks in this neighborhood have low stress access to a higher ratio of trails within biking distance, half have access to a lower ratio.",,,,,,,,,,,,,,,,
112,Recreation,70th percentile score of trails access,0.0000,Score of trails accessible by low stress compared to trails accessible by high stress expressed as the 70th percentile of all census blocks in the neighborhood,"30% of census blocks in this neighborhood have low stress access to a higher ratio of trails within biking distance, 70% have access to a lower ratio.",,,,,,,,,,,,,,,,
113,Recreation,30th percentile score of trails access,0.0000,Score of trails accessible by low stress compared to trails accessible by high stress expressed as the 30th percentile of all census blocks in the neighborhood,"70% of census blocks in this neighborhood have low stress access to a higher ratio of trails within biking distance, 30% have access to a lower ratio.",,,,,,,,,,,,,,,,
114,Recreation,Average score of access to trails,0.0665,Average trails score for census blocks weighted by population.,"On average, census blocks in the neighborhood received this trails score.",,,,,,,,,,,,,,t,,
115,Recreation,Average score of low stress access to community centers,0.0000,Number of community centers accessible by low stress expressed as an average of all census blocks in the neighborhood,"On average, census blocks in the neighborhood have low stress access to this many community centers.",,,,,,,,,,,,,,,,
116,Recreation,Median score of community centers access,0.0000,Score of community centers accessible by low stress compared to community centers accessible by high stress expressed as the median of all census blocks in the neighborhood,"Half of census blocks in this neighborhood have low stress access to a higher ratio of community centers within biking distance, half have access to a lower ratio.",,,,,,,,,,,,,,,,
117,Recreation,70th percentile score of community centers access,0.0000,Score of community centers accessible by low stress compared to community centers accessible by high stress expressed as the 70th percentile of all census blocks in the neighborhood,"30% of census blocks in this neighborhood have low stress access to a higher ratio of community centers within biking distance, 70% have access to a lower ratio.",,,,,,,,,,,,,,,,
118,Recreation,30th percentile score of community centers access,0.0000,Score of community centers accessible by low stress compared to community centers accessible by high stress expressed as the 30th percentile of all census blocks in the neighborhood,"70% of census blocks in this neighborhood have low stress access to a higher ratio of community centers within biking distance, 30% have access to a lower ratio.",,,,,,,,,,,,,,,,
119,Recreation,Average score of access to community centers,0.1668,Average community centers score for census blocks weighted by population.,"On average, census blocks in the neighborhood received this community centers score.",,,,,,,,,,,,,,,t,
120,Recreation,Average community centers bike shed access score,0.2392,Score of population with low stress access compared to total population within the bike shed distance of community centers in the neighborhood expressed as an average of all community centers in the neighborhood,"On average, community centers in the neighborhood are connected by the low stress access to this percentage people within biking distance.",,,,,,,,,,,,,,,,
121,Recreation,Median community centers population shed score,0.2767,Score of population with low stress access to community centers in the neighborhood to total population within the bike shed of each community centers expressed as a median of all community centers in the neighborhood,"Half of community centers in the neighborhood have low stress connections to a higher percentage of people within biking distance, half are connected to a lower percentage. (if only one community centers exists this is the score for that one location)",,,,,,,,,,,,,,,,
122,Recreation,70th percentile community centers population shed score,0.2799,Score of population with low stress access to community centers in the neighborhood to total population within the bike shed of each community centers expressed as the 70th percentile of all community centers in the neighborhood,"30% of community centers in the neighborhood have low stress connections to a higher percentage of people within biking distance, 70% are connected to a lower percentage. (if only one community centers exists this is the score for that one location)",,,,,,,,,,,,,,,,
123,Recreation,30th percentile community centers population shed score,0.2304,Score of population with low stress access to community centers in the neighborhood to total population within the bike shed of each community centers expressed as the 30th percentile of all community centers in the neighborhood,"70% of community centers in the neighborhood have low stress connections to a higher percentage of people within biking distance, 30% are connected to a lower percentage. (if only one community centers exists this is the score for that one location)",,,,,,,,,,,,,,,,
124,Transit,Average score of low stress access to transit,0.0000,Number of transit stations accessible by low stress expressed as an average of all census blocks in the neighborhood,"On average, census blocks in the neighborhood have low stress access to this many transit stations.",,,,,,,,,,,,,,,,
125,Transit,Median score of transit access,0.0000,Score of transit stations accessible by low stress compared to transit stations accessible by high stress expressed as the median of all census blocks in the neighborhood,"Half of census blocks in this neighborhood have low stress access to a higher ratio of transit stations within biking distance, half have access to a lower ratio.",,,,,,,,,,,,,,,,
126,Transit,70th percentile score of transit access,0.0000,Score of transit stations accessible by low stress compared to transit stations accessible by high stress expressed as the 70th percentile of all census blocks in the neighborhood,"30% of census blocks in this neighborhood have low stress access to a higher ratio of transit stations within biking distance, 70% have access to a lower ratio.",,,,,,,,,,,,,,,,
127,Transit,30th percentile score of transit access,0.0000,Score of transit stations accessible by low stress compared to transit stations accessible by high stress expressed as the 30th percentile of all census blocks in the neighborhood,"70% of census blocks in this neighborhood have low stress access to a higher ratio of transit stations within biking distance, 30% have access to a lower ratio.",,,,,,,,,,,,,,,,
128,Transit,Average score of access to transit,0.0158,Average transit score for census blocks weighted by population.,"On average, census blocks in the neighborhood received this transit score.",,,,,,,,,,,,,,,,t
129,Transit,Average transit bike shed access score,0.0158,Score of population with low stress access compared to total population within the bike shed distance of transit stations in the neighborhood expressed as an average of all transit stations in the neighborhood,"On average, transit stations in the neighborhood are connected by the low stress access to this percentage people within biking distance.",,,,,,,,,,,,,,,,
130,Transit,Median transit population shed score,0.0158,Score of population with low stress access to transit stations in the neighborhood to total population within the bike shed of each transit stations expressed as a median of all transit stations in the neighborhood,"Half of transit stations in the neighborhood have low stress connections to a higher percentage of people within biking distance, half are connected to a lower percentage. (if only one transit station exists this is the score for that one location)",,,,,,,,,,,,,,,,
131,Transit,70th percentile transit population shed score,0.0158,Score of population with low stress access to transit stations in the neighborhood to total population within the bike shed of each transit stations expressed as the 70th percentile of all transit stations in the neighborhood,"30% of transit stations in the neighborhood have low stress connections to a higher percentage of people within biking distance, 70% are connected to a lower percentage. (if only one transit station exists this is the score for that one location)",,,,,,,,,,,,,,,,
132,Transit,30th percentile transit population shed score,0.0158,Score of population with low stress access to transit stations in the neighborhood to total population within the bike shed of each transit stations expressed as the 30th percentile of all transit stations in the neighborhood,"70% of transit stations in the neighborhood have low stress connections to a higher percentage of people within biking distance, 30% are connected to a lower percentage. (if only one transit station exists this is the score for that one location)",,,,,,,,,,,,,,,,
